佐藤,さとう,Satô,Kato,Saito,Sasaki,Satō
鈴木,すずき,Suzuki,Shimizu,Sugiyama,Saito,Suzuki
高橋,たかはし,Takahasi,Takada,Tanaka,Takayama,Takahashi
田中,たなか,Tanaka,Takada,Takagi,Tanabe,Tanaka
伊藤,いとう,Itô,Ikeda,Kato,Imada,Itō
渡辺,わたなべ,Watanabe,Watabe,Wada,Owada,Watanabe
山本,やまもと,Yamamoto,Yamaoka,Yamane,Yamaki,Yamamoto
中村,なかむら,Nakamura,Nakata,Nakai,Nakama,Nakamura
小林,こばやし,Kobayasi,Kobata,Kobayakawa,Kondō,Kobayashi
加藤,かとう,Katô,Kamiki,Kaga,Kase,Katō
吉田,よしだ,Yosida,Yamada,Yamamoto,Yamazaki,Yoshida
山田,やまだ,Yamada,Yamamoto,Yamagata,Yamaoka,Yamada
佐々木,ささき,Sasaki,Saitō,Sakamoto,Shimizu,Sasaki
山口,やまぐち,Yamaguti,Yamamoto,Yamagata,Yamaoka,Yamaguchi
松本,まつもと,Matumoto,Manabe,Morimoto,Morita,Matsumoto
井上,いのうえ,Inoue,Itami,Itadori,Inokami,Inoue
木村,きむら,Kimura,Kikui,Kikuta,Kogure,Kimura
林,はやし,Hayasi,Handa,Honda,Hayami,Hayashi
斎藤,さいとう,Saitô,Sasaki,Shimizu,Sakai,Saitō
清水,しみず,Shimizu,Sasaki,Sakagami,Shibuya,Shimizu
山崎,やまざき,Yamazaki,Yamamoto,Yamada,Yamagata,Yamazaki
森,もり,Mori,Mogi,Mogami,Moda,Mori
池田,いけだ,Ikeda,Itagaki,Ikegami,Inoue,Ikeda
橋本,はしもと,Hasimoto,Handa,Hosokawa,Haizaki,Hashimoto
阿部,あべ,Abe,Atobe,Watabe,Aikawa,Abe
石川,いしかわ,Isikawa,Inoue,Ieiri,Ayukawa,Ishikawa
山下,やました,Yamasita,Yamamoto,Yamazaki,Yamagata,Yamashita
中島,なかじま,Nakazima,Nakagawa,Nakamoto,Nakama,Nakajima
石井,いしい,Isii,Inoue,Ikeda,Ikuta,Ishii
小川,おがわ,Ogawa,Oda,Oikawa,Aikawa,Ogawa
前田,まえだ,Maeda,Mayama,Maibara,Maeno,Maeda
岡田,おかだ,Okada,Yamada,Ogawa,Oikawa,Okada
長谷川,はせがわ,Hasegawa,Hasedera,Hosokawa,Hizaki,Hasegawa
藤田,ふじた,Huzita,Hurukawa,Hizaki,Hasegawa,Fujita
後藤,ごとう,Gotô,Gomi,Godai,Gibo,Gotō
近藤,こんどう,Kondô,Kimura,Kikuta,Kogure,Kondō
村上,むらかみ,Murakami,Murakami,Morimoto,Murasame,Murakami
遠藤,えんどう,Endô,Esumi,Egawa,Eikura,Endō
青木,あおき,Aoki,Aota,Aikawa,Aida,Aoki
坂本,さかもと,Sakamoto,Shimizu,Sasaki,Shibuya,Sakamoto
斉藤,さいとう,Saitô,Shimizu,Sasaki,Sakagami,Saitō
磯野,いその,Isono,Inoue,Ikeda,Imada,Isono
野比,のび,Nobi,Noda,Noro,Nogami,Nobi
野原,のはら,Nohara,Nakama,Nomura,Noto,Nohara